Labels,Classes
0,BForce1
1,BForce2
2,BForce3
3,BForce4
4,BForce5
5,E1
6,E3
7,E4
8,E5
9,E7
10,PL1
11,PL11
12,PL12
13,PL13
14,PL14
15,PL15
16,PL16
17,PL17
18,PL18
19,PL2
20,PL3
21,PL4
22,PL6
23,PL7
24,PL8
25,PL9
26,S0
27,S101
28,S104
29,S105
30,S106
31,S107
32,S108
33,S11
34,S110
35,S111
36,S112
37,S113
38,S114
39,S116
40,S117
41,S118
42,S119
43,S12
44,S120
45,S121
46,S122
47,S123
48,S124
49,S125
50,S127
51,S128
52,S129
53,S13
54,S131
55,S132
56,S136
57,S137
58,S138
59,S14
60,S140
61,S141
62,S143
63,S144
64,S145
65,S146
66,S147
67,S15
68,S151
69,S153
70,S154
71,S156
72,S157
73,S158
74,S159
75,S16
76,S160
77,S161
78,S162
79,S163
80,S164
81,S165
82,S166
83,S169
84,S17
85,S173
86,S174
87,S175
88,S176
89,S179
90,S18
91,S180
92,S182
93,S183
94,S184
95,S185
96,S188
97,S19
98,S191
99,S192
100,S193
101,S197
102,S2
103,S20
104,S201
105,S204
106,S209
107,S21
108,S213
109,S215
110,S217
111,S218
112,S220
113,S228
114,S23
115,S232
116,S233
117,S234
118,S235
119,S242
120,S243
121,S244
122,S246
123,S249
124,S25
125,S250
126,S251
127,S252
128,S255
129,S257
130,S258
131,S260
132,S261
133,S262
134,S263
135,S266
136,S267
137,S268
138,S272
139,S273
140,S275
141,S276
142,S277
143,S283
144,S284
145,S285
146,S286
147,S287
148,S288
149,S289
150,S290
151,S291
152,S292
153,S3
154,S30
155,S31
156,S32
157,S34
158,S35
159,S36
160,S37
161,S38
162,S39
163,S4
164,S41
165,S42
166,S43
167,S44
168,S45
169,S46
170,S47
171,S48
172,S49
173,S50
174,S51
175,S52
176,S53
177,S54
178,S59
179,S6
180,S60
181,S61
182,S62
183,S63
184,S65
185,S66
186,S67
187,S68
188,S7
189,S72
190,S73
191,S76
192,S8
193,S80
194,S86
195,S88
196,S9
197,S90
198,S93
199,S94
200,S95
201,S96
202,S99
203,SP1
204,SP10
205,SP100
206,SP101
207,SP102
208,SP103
209,SP104
210,SP105
211,SP106
212,SP107
213,SP108
214,SP109
215,SP11
216,SP110
217,SP111
218,SP112
219,SP113
220,SP114
221,SP115
222,SP116
223,SP117
224,SP118
225,SP119
226,SP12
227,SP120
228,SP121
229,SP122
230,SP123
231,SP124
232,SP125
233,SP126
234,SP127
235,SP128
236,SP129
237,SP13
238,SP130
239,SP131
240,SP132
241,SP133
242,SP135
243,SP136
244,SP137
245,SP138
246,SP139
247,SP14
248,SP140
249,SP141
250,SP142
251,SP143
252,SP144
253,SP145
254,SP146
255,SP147
256,SP149
257,SP15
258,SP150
259,SP151
260,SP152
261,SP153
262,SP154
263,SP155
264,SP156
265,SP157
266,SP158
267,SP159
268,SP16
269,SP160
270,SP161
271,SP162
272,SP163
273,SP164
274,SP165
275,SP166
276,SP167
277,SP168
278,SP169
279,SP17
280,SP170
281,SP171
282,SP172
283,SP173
284,SP174
285,SP175
286,SP176
287,SP177
288,SP18
289,SP19
290,SP2
291,SP20
292,SP21
293,SP22
294,SP23
295,SP24
296,SP25
297,SP26
298,SP27
299,SP28
300,SP29
301,SP3
302,SP30
303,SP31
304,SP32
305,SP33
306,SP34
307,SP35
308,SP36
309,SP37
310,SP38
311,SP39
312,SP4
313,SP40
314,SP41
315,SP42
316,SP43
317,SP44
318,SP45
319,SP46
320,SP47
321,SP48
322,SP49
323,SP5
324,SP50
325,SP51
326,SP52
327,SP53
328,SP54
329,SP55
330,SP56
331,SP57
332,SP58
333,SP59
334,SP6
335,SP60
336,SP61
337,SP62
338,SP63
339,SP64
340,SP65
341,SP66
342,SP67
343,SP68
344,SP69
345,SP7
346,SP70
347,SP71
348,SP72
349,SP73
350,SP74
351,SP75
352,SP76
353,SP77
354,SP78
355,SP79
356,SP8
357,SP80
358,SP81
359,SP82
360,SP83
361,SP84
362,SP85
363,SP86
364,SP87
365,SP88
366,SP9
367,SP92
368,SP93
369,SP94
370,SP95
371,SP96
372,SP97
373,SP98
374,SP99
375,kn1
376,kn10
377,kn103
378,kn106
379,kn107
380,kn110
381,kn111
382,kn113
383,kn115
384,kn116
385,kn119
386,kn12
387,kn120
388,kn121
389,kn122
390,kn123
391,kn125
392,kn126
393,kn127
394,kn128
395,kn13
396,kn130
397,kn131
398,kn132
399,kn133
400,kn134
401,kn135
402,kn136
403,kn137
404,kn138
405,kn139
406,kn14
407,kn141
408,kn142
409,kn143
410,kn144
411,kn145
412,kn146
413,kn149
414,kn15
415,kn151
416,kn152
417,kn153
418,kn154
419,kn156
420,kn157
421,kn158
422,kn159
423,kn16
424,kn160
425,kn161
426,kn162
427,kn163
428,kn164
429,kn165
430,kn166
431,kn167
432,kn169
433,kn17
434,kn170
435,kn171
436,kn172
437,kn174
438,kn175
439,kn176
440,kn177
441,kn18
442,kn181
443,kn182
444,kn184
445,kn185
446,kn187
447,kn188
448,kn189
449,kn19
450,kn191
451,kn193
452,kn194
453,kn195
454,kn197
455,kn2
456,kn20
457,kn200
458,kn201
459,kn202
460,kn203
461,kn204
462,kn206
463,kn208
464,kn209
465,kn21
466,kn210
467,kn211
468,kn212
469,kn213
470,kn214
471,kn215
472,kn216
473,kn217
474,kn218
475,kn219
476,kn22
477,kn220
478,kn221
479,kn222
480,kn223
481,kn224
482,kn226
483,kn227
484,kn228
485,kn229
486,kn23
487,kn231
488,kn232
489,kn233
490,kn234
491,kn235
492,kn236
493,kn237
494,kn239
495,kn24
496,kn240
497,kn241
498,kn242
499,kn25
500,kn26
501,kn27
502,kn28
503,kn3
504,kn31
505,kn32
506,kn33
507,kn35
508,kn38
509,kn39
510,kn4
511,kn42
512,kn43
513,kn45
514,kn48
515,kn49
516,kn5
517,kn51
518,kn54
519,kn55
520,kn58
521,kn6
522,kn66
523,kn71
524,kn73
525,kn78
526,kn79
527,kn8
528,kn80
529,kn81
530,kn82
531,kn83
532,kn84
533,kn85
534,kn87
535,kn90
536,kn92
537,kn93
538,kn94
539,kn95
540,kn97
541,kn98
542,kn99
